hidden_layer_count,hidden_layer_size,dropout_percent,init_learning_rate,decay_step_count,loss_0,loss_1,loss_2,loss_3,loss_4,loss_5,loss_6,loss_7,val_loss_0,val_loss_1,val_loss_2,val_loss_3,val_loss_4,val_loss_5,val_loss_6,val_loss_7
3,128,0.2,0.01,1000,0.49480709433555603,0.3881526589393616,0.40121641755104065,0.4063816964626312,0.39446502923965454,0.3957437574863434,0.3950553238391876,0.39682239294052124,0.24714529514312744,0.2723754644393921,0.3075644075870514,0.33692097663879395,0.3384168744087219,0.2437094897031784,0.3202849328517914,0.2683040201663971
3,128,0.2,0.01,100,0.5307369232177734,0.39711421728134155,0.40191417932510376,0.4065767228603363,0.3952678143978119,0.3964824378490448,0.39578989148139954,0.39759889245033264,0.28754183650016785,0.34112581610679626,0.28032582998275757,0.3016074597835541,0.30075395107269287,0.3580968976020813,0.28129974007606506,0.2670627236366272
3,128,0.2,0.01,10,0.49649864435195923,0.3994891047477722,0.4043174684047699,0.4092661738395691,0.39785486459732056,0.39887455105781555,0.39827629923820496,0.4001224637031555,0.292169988155365,0.37223318219184875,0.31140583753585815,0.31802451610565186,0.3132965564727783,0.2609626054763794,0.3776043951511383,0.41921424865722656
3,128,0.2,0.001,1000,0.5480912327766418,0.3572659194469452,0.35661929845809937,0.35964277386665344,0.3483588397502899,0.3462751805782318,0.3468971848487854,0.34844693541526794,0.30830860137939453,0.3040861487388611,0.2834404408931732,0.2486412078142166,0.2652808129787445,0.2508391737937927,0.19339925050735474,0.2835114896297455
3,128,0.2,0.001,100,0.5857871770858765,0.37176838517189026,0.3711322546005249,0.37370043992996216,0.3635435402393341,0.3629041612148285,0.3641822040081024,0.3655864894390106,0.3095777928829193,0.27083301544189453,0.20958539843559265,0.2689530849456787,0.2660519480705261,0.2197323441505432,0.22094331681728363,0.22214539349079132
3,128,0.2,0.001,10,1.0189611911773682,0.722551167011261,0.7258284091949463,0.7349722981452942,0.7193525433540344,0.7141542434692383,0.717867910861969,0.7189459204673767,0.36680564284324646,0.3487468361854553,0.3511841893196106,0.30986931920051575,0.3130267262458801,0.4098203778266907,0.38960039615631104,0.30571699142456055
3,128,0.2,0.0001,1000,2.6314778327941895,0.4208126664161682,0.3916688561439514,0.379852294921875,0.36306798458099365,0.35856422781944275,0.35762348771095276,0.35801640152931213,0.3300272524356842,0.3522714078426361,0.2421315312385559,0.2482464611530304,0.30968213081359863,0.29294487833976746,0.2869373857975006,0.2441667765378952
3,128,0.2,0.0001,100,2.294323205947876,0.5401607155799866,0.5012617111206055,0.5036918520927429,0.4867691993713379,0.48565343022346497,0.4880245625972748,0.48917680978775024,0.38370251655578613,0.4178065061569214,0.4258197844028473,0.31861943006515503,0.4125739336013794,0.31411802768707275,0.4227674603462219,0.32537466287612915
3,128,0.2,0.0001,10,8.92198657989502,8.200423240661621,8.26085090637207,8.340386390686035,8.109567642211914,8.0755615234375,8.069652557373047,8.18993091583252,3.659660816192627,2.1784560680389404,3.76692271232605,3.55977201461792,3.868478298187256,3.8126964569091797,2.7853622436523438,2.8070127964019775
3,128,0.1,0.01,1000,0.5050047039985657,0.3964354395866394,0.40364837646484375,0.4060094952583313,0.39505812525749207,0.39566653966903687,0.39509129524230957,0.396809846162796,0.2989969253540039,0.2903776168823242,0.4228673577308655,0.3022013306617737,0.2956044375896454,0.30253005027770996,0.3146761655807495,0.26187968254089355
3,128,0.1,0.01,100,0.5838595628738403,0.35340800881385803,0.35458365082740784,0.3578133285045624,0.34779277443885803,0.34703442454338074,0.34811219573020935,0.3501185476779938,0.2559727430343628,0.30876851081848145,0.2908647954463959,0.26025083661079407,0.30315107107162476,0.24306665360927582,0.26074275374412537,0.2559162676334381
3,128,0.1,0.01,10,0.48668476939201355,0.3862305283546448,0.39115583896636963,0.3949344754219055,0.3842746615409851,0.38419872522354126,0.3842768371105194,0.3867492079734802,0.38001611828804016,0.4035027027130127,0.2716348171234131,0.24821266531944275,0.2802668809890747,0.2511111795902252,0.2442256212234497,0.2695804834365845
3,128,0.1,0.001,1000,0.6328226327896118,0.3540276288986206,0.3540895879268646,0.35668066143989563,0.3456556797027588,0.34360969066619873,0.3445257544517517,0.34639957547187805,0.22257646918296814,0.22212348878383636,0.27776044607162476,0.2849721908569336,0.29331064224243164,0.23427842557430267,0.20246724784374237,0.2201172262430191
3,128,0.1,0.001,100,0.7365384101867676,0.36394262313842773,0.36580660939216614,0.3692099452018738,0.35896962881088257,0.35777705907821655,0.3592470586299896,0.3611021041870117,0.18510299921035767,0.19648224115371704,0.23831292986869812,0.2467208206653595,0.24247810244560242,0.24407659471035004,0.32852986454963684,0.2471928745508194
3,128,0.1,0.001,10,0.5766174793243408,0.4695921838283539,0.4739294946193695,0.47984158992767334,0.4664718210697174,0.46428439021110535,0.4665159583091736,0.4689594805240631,0.22072072327136993,0.34973740577697754,0.2894023656845093,0.34776270389556885,0.27980688214302063,0.2248849868774414,0.28716155886650085,0.3045889735221863
3,128,0.1,0.0001,1000,1.9551336765289307,0.3974597156047821,0.3778042495250702,0.3712814152240753,0.356797993183136,0.3528327941894531,0.35323596000671387,0.35376879572868347,0.35488393902778625,0.2641240656375885,0.3185071051120758,0.31751713156700134,0.26128774881362915,0.4024801254272461,0.26355504989624023,0.27533718943595886
3,128,0.1,0.0001,100,3.31321120262146,0.5864977836608887,0.5170108079910278,0.5117255449295044,0.49339330196380615,0.4905356168746948,0.49358808994293213,0.4960087835788727,0.36219069361686707,0.308904767036438,0.25976288318634033,0.2997472584247589,0.34699559211730957,0.32049524784088135,0.3407107889652252,0.2897278368473053
3,128,0.1,0.0001,10,7.480647087097168,6.775399684906006,6.852227210998535,6.903568744659424,6.695642471313477,6.670658588409424,6.702636241912842,6.792078971862793,2.819946050643921,2.2790424823760986,2.4970664978027344,2.601703643798828,3.7188425064086914,1.9932305812835693,3.4350531101226807,3.6766324043273926
3,128,0.05,0.01,1000,0.6398450136184692,0.3649294674396515,0.3840600550174713,0.40455856919288635,0.39400842785835266,0.3957790732383728,0.39501792192459106,0.3968448042869568,0.3227482736110687,0.3039359152317047,0.294137567281723,0.37450259923934937,0.23098021745681763,0.30006277561187744,0.3154120147228241,0.29278427362442017
3,128,0.05,0.01,100,0.4909248650074005,0.350976824760437,0.3525952398777008,0.3559587001800537,0.34599533677101135,0.345021516084671,0.34649449586868286,0.34831804037094116,0.31614163517951965,0.3193618655204773,0.22124341130256653,0.2811242341995239,0.3074709177017212,0.2914488613605499,0.26102015376091003,0.23015789687633514
3,128,0.05,0.01,10,0.5675937533378601,0.381919801235199,0.38643327355384827,0.39063847064971924,0.3797244429588318,0.37919729948043823,0.38042235374450684,0.382493793964386,0.2746221423149109,0.289239764213562,0.3311326503753662,0.3211565613746643,0.2685057818889618,0.21089915931224823,0.28392666578292847,0.2672613263130188
3,128,0.05,0.001,1000,0.5071613192558289,0.35098546743392944,0.35192734003067017,0.35457828640937805,0.3433055877685547,0.34173232316970825,0.34229809045791626,0.3445579409599304,0.31023117899894714,0.20218653976917267,0.2427395135164261,0.24240967631340027,0.22217708826065063,0.15799368917942047,0.27696937322616577,0.22120659053325653
3,128,0.05,0.001,100,0.4593072831630707,0.3529847264289856,0.35583746433258057,0.35925376415252686,0.34924355149269104,0.3481188416481018,0.34999045729637146,0.3515203595161438,0.2746458351612091,0.20675137639045715,0.35022181272506714,0.2798985540866852,0.2904091477394104,0.19461439549922943,0.19975018501281738,0.21563583612442017
3,128,0.05,0.001,10,0.58851158618927,0.48824837803840637,0.4917183816432953,0.49805569648742676,0.4833780527114868,0.4811760187149048,0.4846894443035126,0.4886151850223541,0.31563568115234375,0.274488240480423,0.27646762132644653,0.31798699498176575,0.3238106369972229,0.2937643826007843,0.3126659393310547,0.42470577359199524
3,128,0.05,0.0001,1000,1.3903690576553345,0.3908364772796631,0.36996787786483765,0.36566969752311707,0.35186031460762024,0.34881913661956787,0.3495482802391052,0.3505152463912964,0.2595277428627014,0.2561960220336914,0.2908826172351837,0.25421568751335144,0.3087831735610962,0.282949298620224,0.3779141306877136,0.2936539351940155
3,128,0.05,0.0001,100,1.5223445892333984,0.4676169753074646,0.4439321756362915,0.4457249343395233,0.43136993050575256,0.42878445982933044,0.43081292510032654,0.4344618320465088,0.3231261670589447,0.3149168789386749,0.33465543389320374,0.3350486159324646,0.3538782298564911,0.2919161915779114,0.3488483130931854,0.2574721574783325
3,128,0.05,0.0001,10,4.415363788604736,4.080051898956299,4.090126037597656,4.1396989822387695,4.037794589996338,4.0008931159973145,4.038855075836182,4.077322483062744,1.6681596040725708,2.388453722000122,2.490530014038086,2.135942220687866,2.2988409996032715,3.0919737815856934,1.4771308898925781,1.880789041519165
3,256,0.2,0.01,1000,0.4812496602535248,0.38413265347480774,0.3807697892189026,0.3896653354167938,0.3939875066280365,0.3974674940109253,0.3960965871810913,0.3969035744667053,0.230205699801445,0.3286404311656952,0.3296974003314972,0.3010128140449524,0.35193800926208496,0.39904507994651794,0.3439747393131256,0.28201422095298767
3,256,0.2,0.01,100,0.5156232714653015,0.3645556569099426,0.36597496271133423,0.36861878633499146,0.3582305312156677,0.3575058579444885,0.35850200057029724,0.3606413006782532,0.22907069325447083,0.3388676941394806,0.2044224739074707,0.24944932758808136,0.277388334274292,0.3127654194831848,0.28579702973365784,0.2593940496444702
3,256,0.2,0.01,10,0.5192776918411255,0.3812713325023651,0.385454922914505,0.3893965482711792,0.37907111644744873,0.37822872400283813,0.3792586922645569,0.38185858726501465,0.2611125409603119,0.30118465423583984,0.19195556640625,0.29022347927093506,0.2515566647052765,0.27047693729400635,0.3369722068309784,0.2392156720161438
3,256,0.2,0.001,1000,0.5820127725601196,0.35478830337524414,0.3560991585254669,0.35861170291900635,0.34747955203056335,0.345756858587265,0.34640464186668396,0.34832894802093506,0.3067958354949951,0.22714763879776,0.2307443469762802,0.25118768215179443,0.17689837515354156,0.3533805012702942,0.17809925973415375,0.23965859413146973
3,256,0.2,0.001,100,0.5636112689971924,0.3977583050727844,0.40244564414024353,0.4072915017604828,0.39559903740882874,0.39687350392341614,0.39604341983795166,0.3978847563266754,0.3116370141506195,0.28363534808158875,0.29879435896873474,0.36064863204956055,0.2845238447189331,0.27057239413261414,0.25587859749794006,0.3773439824581146
3,256,0.2,0.001,10,0.7783477902412415,0.5652310848236084,0.571918785572052,0.5782018899917603,0.5634047985076904,0.5600348114967346,0.5634720325469971,0.5661704540252686,0.40171313285827637,0.3185315430164337,0.30935874581336975,0.3260347545146942,0.4107443392276764,0.3466264605522156,0.306169331073761,0.22707660496234894
3,256,0.2,0.0001,1000,2.0182526111602783,0.4008319675922394,0.3786930739879608,0.37131738662719727,0.35652342438697815,0.35316401720046997,0.3533990681171417,0.3540184497833252,0.3462570607662201,0.3151490092277527,0.2522711455821991,0.26670438051223755,0.35357627272605896,0.2316601574420929,0.20322027802467346,0.3064015507698059
3,256,0.2,0.0001,100,1.4046460390090942,0.4415584206581116,0.42932868003845215,0.4314333200454712,0.4191487729549408,0.417194664478302,0.4195176661014557,0.42146867513656616,0.3828684687614441,0.38861799240112305,0.26781484484672546,0.2965227961540222,0.3014337122440338,0.320451021194458,0.24306467175483704,0.31958287954330444
3,256,0.2,0.0001,10,5.139246940612793,4.641900062561035,4.680896759033203,4.726021766662598,4.606841087341309,4.576615810394287,4.605719566345215,4.638945579528809,1.563978910446167,2.0910868644714355,1.801156997680664,1.413611650466919,2.5479159355163574,1.3387089967727661,1.7131935358047485,1.1962683200836182
3,256,0.1,0.01,1000,0.5253481268882751,0.3975718915462494,0.4011482000350952,0.4078141450881958,0.4002750515937805,0.39583620429039,0.39503389596939087,0.39714568853378296,0.26308295130729675,0.22692301869392395,0.29336148500442505,0.20860907435417175,0.31912052631378174,0.2783967852592468,0.30958783626556396,0.2620023488998413
3,256,0.1,0.01,100,0.6173526048660278,0.3541536331176758,0.3557377755641937,0.3592104911804199,0.34892815351486206,0.3481425344944,0.349391907453537,0.3518631160259247,0.22766812145709991,0.2498471885919571,0.36489903926849365,0.27103570103645325,0.3276645541191101,0.27261078357696533,0.23744525015354156,0.284257173538208
3,256,0.1,0.01,10,0.5772751569747925,0.3746905028820038,0.37943366169929504,0.3827230632305145,0.3722558319568634,0.3716268539428711,0.3727993667125702,0.3747973144054413,0.32112979888916016,0.35221239924430847,0.30435287952423096,0.37186941504478455,0.2730431854724884,0.20484474301338196,0.22568948566913605,0.2868754267692566
3,256,0.1,0.001,1000,0.5175729393959045,0.35124626755714417,0.3527321517467499,0.3557087182998657,0.3446880877017975,0.34293970465660095,0.3435833752155304,0.3454470634460449,0.20919354259967804,0.20114177465438843,0.3352460265159607,0.24807819724082947,0.2523364722728729,0.2625357508659363,0.20617015659809113,0.1987711787223816
3,256,0.1,0.001,100,0.4972589313983917,0.3545804023742676,0.3570496737957001,0.3608227074146271,0.3506287932395935,0.3495027720928192,0.3510986268520355,0.352899968624115,0.23025360703468323,0.2292206883430481,0.23500391840934753,0.2640962600708008,0.25664275884628296,0.2383285015821457,0.239803746342659,0.23382432758808136
3,256,0.1,0.001,10,0.5990413427352905,0.46192067861557007,0.4649585783481598,0.47052162885665894,0.4580952823162079,0.4555968940258026,0.4587935507297516,0.4605606496334076,0.28619876503944397,0.2754579782485962,0.34709203243255615,0.28769513964653015,0.27448320388793945,0.3418724536895752,0.2293136715888977,0.358419805765152
3,256,0.1,0.0001,1000,1.1471688747406006,0.3746740221977234,0.36238163709640503,0.36121633648872375,0.3491508662700653,0.3465418815612793,0.34738850593566895,0.3488800823688507,0.32215219736099243,0.24119709432125092,0.20399443805217743,0.24978511035442352,0.26372045278549194,0.2061048448085785,0.33943286538124084,0.2323586791753769
3,256,0.1,0.0001,100,1.6210463047027588,0.42749646306037903,0.41349896788597107,0.41533565521240234,0.40356314182281494,0.40144607424736023,0.4039997160434723,0.40563520789146423,0.2462477833032608,0.2799988389015198,0.30232805013656616,0.3394392132759094,0.3016595244407654,0.28580591082572937,0.23982694745063782,0.2769169211387634
3,256,0.1,0.0001,10,3.483320713043213,3.2144792079925537,3.238222122192383,3.2638742923736572,3.172513961791992,3.14617919921875,3.1774706840515137,3.2123165130615234,1.5176490545272827,1.3190966844558716,1.95333993434906,1.2094740867614746,1.828028678894043,2.2219667434692383,1.6682167053222656,0.9742534160614014
3,256,0.05,0.01,1000,0.6209704875946045,0.3734578490257263,0.3989581763744354,0.4074436128139496,0.39522114396095276,0.39564377069473267,0.3950040936470032,0.3967927098274231,0.1962960660457611,0.26907292008399963,0.32280364632606506,0.19555704295635223,0.34501922130584717,0.305144727230072,0.38875848054885864,0.2703338861465454
3,256,0.05,0.01,100,0.649745523929596,0.39671391248703003,0.40157994627952576,0.406311959028244,0.3950392007827759,0.396069198846817,0.39542436599731445,0.3971233367919922,0.29765784740448,0.3751548230648041,0.363041490316391,0.360348641872406,0.30809178948402405,0.27667441964149475,0.30494770407676697,0.3787698745727539
3,256,0.05,0.01,10,0.8837593197822571,0.39845433831214905,0.40285325050354004,0.40980830788612366,0.3965374529361725,0.39741405844688416,0.3967852294445038,0.3983844816684723,0.23321080207824707,0.2729306221008301,0.3391839563846588,0.3258360028266907,0.201662078499794,0.2570750117301941,0.2360425591468811,0.27810752391815186
3,256,0.05,0.001,1000,0.5325223803520203,0.3520512282848358,0.3534940779209137,0.35636818408966064,0.3454848825931549,0.3428965210914612,0.34437811374664307,0.3456017076969147,0.27465832233428955,0.24937671422958374,0.15653404593467712,0.3055483102798462,0.3763652741909027,0.2724567651748657,0.246393620967865,0.17839854955673218
3,256,0.05,0.001,100,0.4908900856971741,0.35299280285835266,0.3550243675708771,0.3586646318435669,0.34843122959136963,0.34729135036468506,0.34902694821357727,0.35082826018333435,0.26654061675071716,0.25228846073150635,0.24118173122406006,0.23309996724128723,0.332721084356308,0.20952245593070984,0.2229895442724228,0.22114388644695282
3,256,0.05,0.001,10,0.5683057308197021,0.45010071992874146,0.4548078775405884,0.4603143036365509,0.4465674161911011,0.4440464973449707,0.44649749994277954,0.44931337237358093,0.27657508850097656,0.3434317111968994,0.3434869647026062,0.2778543531894684,0.24539005756378174,0.35443007946014404,0.32471615076065063,0.3141896724700928
3,256,0.05,0.0001,1000,1.361522912979126,0.3707154393196106,0.35997286438941956,0.3597900867462158,0.3478255271911621,0.34503164887428284,0.34599828720092773,0.3477632701396942,0.2832324206829071,0.31666669249534607,0.29769375920295715,0.1889878213405609,0.26104068756103516,0.25942015647888184,0.23089152574539185,0.28631100058555603
3,256,0.05,0.0001,100,1.560258388519287,0.4462758004665375,0.42019885778427124,0.4199233055114746,0.408009797334671,0.4058433771133423,0.40828070044517517,0.4103648364543915,0.22825925052165985,0.25651270151138306,0.3031751215457916,0.26658502221107483,0.25673994421958923,0.2991566061973572,0.2708752751350403,0.24437585473060608
3,256,0.05,0.0001,10,3.3708605766296387,3.1277589797973633,3.1412899494171143,3.1818721294403076,3.0987448692321777,3.0481138229370117,3.1089980602264404,3.1227023601531982,0.8327147364616394,1.9210515022277832,1.7095762491226196,1.3079863786697388,1.337409496307373,1.4070404767990112,1.788570761680603,2.238492965698242
3,512,0.2,0.01,1000,0.7899147868156433,0.3987315595149994,0.400902658700943,0.41760775446891785,0.39691925048828125,0.39855244755744934,0.3957105278968811,0.39703503251075745,0.32770946621894836,0.22307702898979187,0.3990946412086487,0.22740817070007324,0.26813217997550964,0.41865265369415283,0.250187486410141,0.2270885407924652
3,512,0.2,0.01,100,0.6828967332839966,0.3559316098690033,0.35623568296432495,0.35918498039245605,0.34856703877449036,0.3480238616466522,0.34903228282928467,0.35100892186164856,0.23276568949222565,0.30471038818359375,0.25394415855407715,0.2131519764661789,0.30551227927207947,0.2920375466346741,0.2482699602842331,0.25934845209121704
3,512,0.2,0.01,10,0.7484325766563416,0.3839436173439026,0.3884357511997223,0.39222681522369385,0.38149452209472656,0.3812410831451416,0.38209202885627747,0.3842926025390625,0.283552348613739,0.3189534842967987,0.3233802914619446,0.27008727192878723,0.26609280705451965,0.3265473246574402,0.3189381957054138,0.3122769594192505
3,512,0.2,0.001,1000,0.5390692949295044,0.368728369474411,0.3715611696243286,0.37545859813690186,0.3647896647453308,0.3649061918258667,0.36480894684791565,0.36655551195144653,0.3030305802822113,0.26885491609573364,0.26248252391815186,0.29629701375961304,0.28989237546920776,0.3157961666584015,0.20410242676734924,0.21110181510448456
3,512,0.2,0.001,100,0.5552183985710144,0.3558236360549927,0.3578653335571289,0.36103254556655884,0.3510015606880188,0.3499234616756439,0.3517633080482483,0.35360610485076904,0.23474536836147308,0.29722341895103455,0.25861480832099915,0.27865132689476013,0.25491863489151,0.2904815971851349,0.2753554880619049,0.25108087062835693
3,512,0.2,0.001,10,0.6553200483322144,0.4648801386356354,0.46778029203414917,0.4739154279232025,0.4605826139450073,0.45945850014686584,0.4608552157878876,0.46446558833122253,0.35315442085266113,0.35062354803085327,0.3720962405204773,0.3210700750350952,0.36284807324409485,0.29437315464019775,0.30692389607429504,0.3483239412307739
3,512,0.2,0.0001,1000,1.2002886533737183,0.3731822371482849,0.3628762662410736,0.36244386434555054,0.3504120707511902,0.34732821583747864,0.3483960032463074,0.3499355912208557,0.3382875323295593,0.24803513288497925,0.22438526153564453,0.267442911863327,0.2014576494693756,0.25448840856552124,0.2603246569633484,0.23912540078163147
3,512,0.2,0.0001,100,1.1413975954055786,0.4038231372833252,0.3995509445667267,0.4012480080127716,0.39022988080978394,0.3888967037200928,0.3909949064254761,0.3928869664669037,0.30390429496765137,0.3278758227825165,0.23278070986270905,0.2420426905155182,0.3372687101364136,0.32327306270599365,0.3105628192424774,0.3358430862426758
3,512,0.2,0.0001,10,3.3864433765411377,3.0550599098205566,3.0750181674957275,3.110215425491333,3.0203633308410645,2.9969685077667236,3.0230672359466553,3.0514142513275146,0.6764601469039917,0.9113705158233643,1.3795353174209595,1.327899694442749,1.1573240756988525,1.027328610420227,1.4562559127807617,1.2156481742858887
3,512,0.1,0.01,1000,0.7306680679321289,0.3964456617832184,0.41693052649497986,0.4062580466270447,0.4037275016307831,0.39568892121315,0.3952028751373291,0.39704394340515137,0.47735893726348877,0.31515130400657654,0.2547706365585327,0.3617091774940491,0.3390621542930603,0.23079021275043488,0.20751824975013733,0.2751055955886841
3,512,0.1,0.01,100,0.7634267807006836,0.351932555437088,0.3533470332622528,0.35614076256752014,0.3459976017475128,0.345281720161438,0.34673425555229187,0.34853115677833557,0.18502436578273773,0.2698533535003662,0.2477499097585678,0.2641742527484894,0.24637088179588318,0.2342076301574707,0.20611736178398132,0.2758166790008545
3,512,0.1,0.01,10,0.7822043895721436,0.37524494528770447,0.3800564408302307,0.38368985056877136,0.37318289279937744,0.37250328063964844,0.37383973598480225,0.3758178651332855,0.2613855004310608,0.2761152386665344,0.29631298780441284,0.3191623389720917,0.32091665267944336,0.3023335933685303,0.32715359330177307,0.23221808671951294
3,512,0.1,0.001,1000,0.4962044060230255,0.3524526357650757,0.3560176491737366,0.3586461544036865,0.34907904267311096,0.3467470705509186,0.34697800874710083,0.34888991713523865,0.2315598875284195,0.34203675389289856,0.2831524908542633,0.319675087928772,0.2731817066669464,0.3031153082847595,0.2919543981552124,0.23500072956085205
3,512,0.1,0.001,100,0.5376128554344177,0.3558979034423828,0.35806339979171753,0.36168259382247925,0.35087716579437256,0.3509872555732727,0.3518618643283844,0.35385534167289734,0.2598283886909485,0.2778874635696411,0.2581452429294586,0.21541789174079895,0.26813703775405884,0.2452246993780136,0.1977037787437439,0.2706812620162964
3,512,0.1,0.001,10,0.5771664381027222,0.42445653676986694,0.42867547273635864,0.4327313303947449,0.4219071567058563,0.4208206236362457,0.4220290780067444,0.4252369999885559,0.2689044177532196,0.31183597445487976,0.2610790431499481,0.3069104552268982,0.3981071710586548,0.28708764910697937,0.3204614520072937,0.27996379137039185
3,512,0.1,0.0001,1000,0.7435470223426819,0.3604147732257843,0.3563501834869385,0.35774773359298706,0.34678953886032104,0.343979150056839,0.3452591300010681,0.3469456732273102,0.33918410539627075,0.29355838894844055,0.2518761157989502,0.26895391941070557,0.2952711582183838,0.2102961540222168,0.27555525302886963,0.25871747732162476
3,512,0.1,0.0001,100,1.1036440134048462,0.3896535634994507,0.385929673910141,0.38872644305229187,0.37753960490226746,0.37573134899139404,0.3783546984195709,0.37938734889030457,0.30051112174987793,0.23212507367134094,0.33076462149620056,0.2388879507780075,0.27704256772994995,0.31925007700920105,0.2516781687736511,0.25991177558898926
3,512,0.1,0.0001,10,2.771027088165283,2.5057404041290283,2.5226383209228516,2.5518712997436523,2.4804913997650146,2.451685667037964,2.475520372390747,2.5058467388153076,1.355333924293518,1.2302303314208984,0.9021207094192505,1.1202377080917358,1.2779821157455444,1.4226315021514893,1.9182915687561035,0.9820870757102966
3,512,0.05,0.01,1000,0.8445976972579956,0.37330368161201477,0.3941810131072998,0.40624478459358215,0.3946893811225891,0.3963475227355957,0.40094250440597534,0.39715874195098877,0.3533579707145691,0.2869460880756378,0.30366507172584534,0.27665436267852783,0.24701151251792908,0.3460017442703247,0.3094407916069031,0.34608760476112366
3,512,0.05,0.01,100,0.9571149945259094,0.3600475788116455,0.3631128668785095,0.3661661148071289,0.35547763109207153,0.354653537273407,0.3557644784450531,0.35822516679763794,0.2956930696964264,0.3244509994983673,0.2849240303039551,0.3185887932777405,0.2810041010379791,0.28954389691352844,0.293118417263031,0.276900053024292
3,512,0.05,0.01,10,0.8412746787071228,0.3724430203437805,0.3772701323032379,0.38045984506607056,0.37044036388397217,0.3696441650390625,0.37057289481163025,0.3728622496128082,0.32559338212013245,0.2925341725349426,0.2396615892648697,0.26830339431762695,0.35783296823501587,0.30040621757507324,0.23598773777484894,0.2816984951496124
3,512,0.05,0.001,1000,0.5553373098373413,0.3502019941806793,0.3519701063632965,0.35539689660072327,0.34468892216682434,0.3422381281852722,0.34327441453933716,0.3452291190624237,0.28697097301483154,0.21422754228115082,0.23304760456085205,0.2810438871383667,0.24338537454605103,0.22062921524047852,0.21609441936016083,0.31139466166496277
3,512,0.05,0.001,100,0.6180410981178284,0.35245057940483093,0.35418540239334106,0.35774457454681396,0.34755364060401917,0.3464432954788208,0.3481023907661438,0.3499773144721985,0.2685087025165558,0.27567803859710693,0.24768951535224915,0.23888176679611206,0.3515866696834564,0.24294891953468323,0.26219576597213745,0.31804153323173523
3,512,0.05,0.001,10,0.592004120349884,0.40192896127700806,0.40664350986480713,0.4107615649700165,0.3987511098384857,0.3972528576850891,0.3997521996498108,0.40192756056785583,0.308984637260437,0.20402979850769043,0.22721712291240692,0.26524782180786133,0.2905745208263397,0.2745797038078308,0.2156054973602295,0.32858389616012573
3,512,0.05,0.0001,1000,0.8978009223937988,0.359052449464798,0.3542757034301758,0.35582235455513,0.34501779079437256,0.3423246443271637,0.3437499403953552,0.34556302428245544,0.2999638319015503,0.23412327468395233,0.22735805809497833,0.25516045093536377,0.26332351565361023,0.28702887892723083,0.25580891966819763,0.23289383947849274
3,512,0.05,0.0001,100,0.8974049091339111,0.3797266483306885,0.37657782435417175,0.3789471983909607,0.36849161982536316,0.36688342690467834,0.36923518776893616,0.3705713748931885,0.30344876646995544,0.3020276129245758,0.3216753900051117,0.3281953036785126,0.24647508561611176,0.25439202785491943,0.27579227089881897,0.22991755604743958
3,512,0.05,0.0001,10,2.543658494949341,2.33139705657959,2.357818603515625,2.3664562702178955,2.306204080581665,2.2819905281066895,2.311973810195923,2.3275132179260254,1.2659013271331787,1.4351283311843872,1.2714529037475586,1.4924943447113037,0.8701343536376953,0.7451245188713074,0.9375531673431396,1.7073485851287842
4,128,0.2,0.01,1000,0.4357459247112274,0.38102731108665466,0.3909357786178589,0.4055670499801636,0.3850322365760803,0.38525572419166565,0.3816940188407898,0.385052353143692,0.2690650224685669,0.3562681972980499,0.30672603845596313,0.22385698556900024,0.38789239525794983,0.27159395813941956,0.29211488366127014,0.32363948225975037
4,128,0.2,0.01,100,0.4695371985435486,0.3598633110523224,0.3617878258228302,0.3650450110435486,0.35479238629341125,0.3538806140422821,0.3548409044742584,0.35711008310317993,0.2963227927684784,0.2016163319349289,0.3478003144264221,0.29519563913345337,0.26411402225494385,0.28701406717300415,0.20773831009864807,0.310804545879364
4,128,0.2,0.01,10,0.42714858055114746,0.3793098032474518,0.38394811749458313,0.38739141821861267,0.3768841326236725,0.3765532970428467,0.37736669182777405,0.37949028611183167,0.37834957242012024,0.23646295070648193,0.24362467229366302,0.25680649280548096,0.24817407131195068,0.25418820977211,0.3642098605632782,0.3142258822917938
4,128,0.2,0.001,1000,0.5575437545776367,0.35807374119758606,0.357216477394104,0.3590695559978485,0.34795302152633667,0.345971018075943,0.34659484028816223,0.34849312901496887,0.2834393382072449,0.27341681718826294,0.2760396897792816,0.28154483437538147,0.29188451170921326,0.2079935371875763,0.30268222093582153,0.3201448321342468
4,128,0.2,0.001,100,0.5129614472389221,0.3655548393726349,0.3663143515586853,0.36939099431037903,0.3591903746128082,0.3583846092224121,0.3597813546657562,0.36158326268196106,0.28866955637931824,0.2835998833179474,0.2735300064086914,0.3324654996395111,0.23110142350196838,0.3312380015850067,0.2989693284034729,0.24585485458374023
4,128,0.2,0.001,10,0.7531588077545166,0.5576196908950806,0.5639930367469788,0.5685576796531677,0.5550821423530579,0.5507025718688965,0.5537745952606201,0.5575762987136841,0.4019721746444702,0.4617675840854645,0.3685321807861328,0.3831188678741455,0.41114166378974915,0.4558700919151306,0.4457456171512604,0.4386705160140991
4,128,0.2,0.0001,1000,1.164354920387268,0.4053911864757538,0.38499680161476135,0.3770996928215027,0.3608045279979706,0.3565819263458252,0.3565862476825714,0.3568423092365265,0.35251837968826294,0.3032793700695038,0.3087872266769409,0.299475759267807,0.24037182331085205,0.31680986285209656,0.3421558439731598,0.28012406826019287
4,128,0.2,0.0001,100,1.802599310874939,0.5182457566261292,0.48968538641929626,0.49090445041656494,0.4754566550254822,0.4731089770793915,0.4757932126522064,0.4783038794994354,0.39561259746551514,0.43370184302330017,0.3764531910419464,0.4249105155467987,0.46676215529441833,0.4637681841850281,0.44606468081474304,0.3994240462779999
4,128,0.2,0.0001,10,5.453983783721924,4.888625144958496,4.933281421661377,4.964743614196777,4.849632740020752,4.813959121704102,4.839540481567383,4.884907245635986,2.5009636878967285,2.662930727005005,1.5123984813690186,1.4497692584991455,2.037248134613037,1.3154683113098145,0.999708354473114,2.061943531036377
4,128,0.1,0.01,1000,0.47555282711982727,0.3705057203769684,0.3770069181919098,0.39318475127220154,0.37679144740104675,0.36826756596565247,0.36727917194366455,0.36805078387260437,0.283642053604126,0.2152981162071228,0.29364013671875,0.33605459332466125,0.22907298803329468,0.2795884311199188,0.2823127508163452,0.27808040380477905
4,128,0.1,0.01,100,0.4424968957901001,0.3531823456287384,0.35445594787597656,0.3579356372356415,0.3475375473499298,0.34687474370002747,0.34821751713752747,0.3501015305519104,0.3120168149471283,0.29877597093582153,0.2841928005218506,0.29316937923431396,0.2773590683937073,0.3548673987388611,0.22228848934173584,0.2715963125228882
4,128,0.1,0.01,10,0.5058891177177429,0.3813776671886444,0.38589125871658325,0.3901095688343048,0.37917816638946533,0.3788970708847046,0.38000667095184326,0.38181012868881226,0.31291744112968445,0.2783723473548889,0.2414245456457138,0.25188225507736206,0.2593631148338318,0.3129352033138275,0.29004794359207153,0.26752573251724243
4,128,0.1,0.001,1000,0.48143115639686584,0.35352328419685364,0.3540276885032654,0.35631102323532104,0.34523826837539673,0.34301549196243286,0.3440309762954712,0.34595176577568054,0.18156614899635315,0.28404533863067627,0.18197719752788544,0.25700122117996216,0.22923952341079712,0.29296040534973145,0.2580002546310425,0.2667245864868164
4,128,0.1,0.001,100,0.5165750980377197,0.3612744212150574,0.3624064028263092,0.3656357228755951,0.35510143637657166,0.3542402684688568,0.35574766993522644,0.35729676485061646,0.2788142263889313,0.2046239823102951,0.2816046476364136,0.3023727536201477,0.26087820529937744,0.3037419319152832,0.25800955295562744,0.3504282236099243
4,128,0.1,0.001,10,0.5355179905891418,0.4645601809024811,0.46752414107322693,0.47435399889945984,0.4613541066646576,0.459017276763916,0.46115922927856445,0.46397846937179565,0.3617396056652069,0.36632946133613586,0.32464197278022766,0.3498910367488861,0.3182254433631897,0.31120917201042175,0.28941068053245544,0.30171188712120056
4,128,0.1,0.0001,1000,1.5343186855316162,0.40101683139801025,0.37934938073158264,0.37363898754119873,0.3586938977241516,0.3543771505355835,0.3545902371406555,0.355267196893692,0.3068676292896271,0.32941389083862305,0.22338704764842987,0.26735928654670715,0.3115374445915222,0.24562126398086548,0.2938823103904724,0.2377166897058487
4,128,0.1,0.0001,100,1.5932371616363525,0.4849991798400879,0.4680643081665039,0.4668010175228119,0.4536413550376892,0.452349454164505,0.4538482129573822,0.45768672227859497,0.31559285521507263,0.29845401644706726,0.28654029965400696,0.30978983640670776,0.3295068144798279,0.3721715211868286,0.34096741676330566,0.371893972158432
4,128,0.1,0.0001,10,4.6747822761535645,4.173526287078857,4.230294704437256,4.257737159729004,4.133893966674805,4.110164165496826,4.141076564788818,4.174117088317871,1.415212631225586,2.3166375160217285,2.770108461380005,2.9702558517456055,1.7014349699020386,1.5831758975982666,1.052824854850769,2.238154649734497
4,128,0.05,0.01,1000,0.4811343252658844,0.38704511523246765,0.4012741148471832,0.4048181176185608,0.3946687877178192,0.39578667283058167,0.3950578272342682,0.39688798785209656,0.3342573344707489,0.35662806034088135,0.3161795139312744,0.24448423087596893,0.3603498637676239,0.3342561721801758,0.24828682839870453,0.30848297476768494
4,128,0.05,0.01,100,0.43827757239341736,0.3508850634098053,0.35285085439682007,0.35589462518692017,0.3458362817764282,0.3450159728527069,0.34644341468811035,0.3484236001968384,0.23928554356098175,0.26521235704421997,0.33820924162864685,0.24195082485675812,0.1978270709514618,0.25814515352249146,0.24314361810684204,0.2543621063232422
4,128,0.05,0.01,10,0.4289736747741699,0.3751613199710846,0.379578560590744,0.38312816619873047,0.3725024461746216,0.37148624658584595,0.3732950687408447,0.3750343322753906,0.29916834831237793,0.349396288394928,0.3578907549381256,0.2539405822753906,0.28869983553886414,0.22570998966693878,0.2654479444026947,0.2925975024700165
4,128,0.05,0.001,1000,0.4936479330062866,0.3508133590221405,0.35150283575057983,0.3543986678123474,0.3435087203979492,0.34136125445365906,0.342508465051651,0.34444352984428406,0.2304093986749649,0.23692891001701355,0.30327269434928894,0.3026444613933563,0.26476991176605225,0.22698484361171722,0.22990119457244873,0.2709076404571533
4,128,0.05,0.001,100,0.49123743176460266,0.3561536967754364,0.3581681549549103,0.36126840114593506,0.3511662483215332,0.35008886456489563,0.3520832359790802,0.3536645472049713,0.3050069510936737,0.30577558279037476,0.2213338166475296,0.27658674120903015,0.30907952785491943,0.3369077742099762,0.24806362390518188,0.20796999335289001
4,128,0.05,0.001,10,0.5402235388755798,0.45534613728523254,0.45973309874534607,0.46520286798477173,0.45257046818733215,0.4500965476036072,0.4522288143634796,0.4559715688228607,0.30197227001190186,0.35840898752212524,0.3771301507949829,0.33041900396347046,0.32332322001457214,0.3628118634223938,0.3435367941856384,0.3688461184501648
4,128,0.05,0.0001,1000,1.0485509634017944,0.38285356760025024,0.3685791790485382,0.3650800883769989,0.35176223516464233,0.348355233669281,0.34952619671821594,0.35028478503227234,0.3023655414581299,0.28499841690063477,0.2371942102909088,0.30683863162994385,0.22180426120758057,0.24911996722221375,0.28941792249679565,0.23117239773273468
4,128,0.05,0.0001,100,1.5139214992523193,0.464458703994751,0.4442126452922821,0.44432005286216736,0.43154022097587585,0.4295341372489929,0.4311979115009308,0.4341040849685669,0.3552229404449463,0.3298068046569824,0.3371983766555786,0.25421810150146484,0.2470775693655014,0.35781335830688477,0.29525521397590637,0.26922619342803955
4,128,0.05,0.0001,10,1.8498693704605103,1.666041612625122,1.6838935613632202,1.6986801624298096,1.6551117897033691,1.6458849906921387,1.6487469673156738,1.6651191711425781,0.7696408033370972,1.1034916639328003,1.118547797203064,1.1166157722473145,0.7904158234596252,0.8573757410049438,0.5668221116065979,0.6842036247253418
4,256,0.2,0.01,1000,0.5051382184028625,0.4116324484348297,0.4010460674762726,0.4063778519630432,0.39447128772735596,0.39564409852027893,0.39496687054634094,0.39685773849487305,0.3359072208404541,0.27867600321769714,0.243824765086174,0.35042017698287964,0.2981199324131012,0.3298332393169403,0.3670099973678589,0.2974644899368286
4,256,0.2,0.01,100,0.4889611601829529,0.3583409786224365,0.3606725335121155,0.36330756545066833,0.3529581129550934,0.3520963490009308,0.35336247086524963,0.3552350401878357,0.18380939960479736,0.27897098660469055,0.2563464045524597,0.2652505338191986,0.2661641836166382,0.24433019757270813,0.3255591094493866,0.2285093069076538
4,256,0.2,0.01,10,0.5182401537895203,0.38348129391670227,0.38787972927093506,0.3920416533946991,0.38135674595832825,0.3807954788208008,0.3819553554058075,0.3838389813899994,0.30638569593429565,0.31225231289863586,0.2929202914237976,0.31322354078292847,0.2806742191314697,0.33262574672698975,0.2864067852497101,0.34306207299232483
4,256,0.2,0.001,1000,0.4729746878147125,0.35435760021209717,0.35559001564979553,0.357648104429245,0.34638166427612305,0.34478792548179626,0.3453460931777954,0.34726619720458984,0.26260077953338623,0.24615564942359924,0.2614220976829529,0.2870962619781494,0.21845385432243347,0.29793602228164673,0.2641725540161133,0.20934683084487915
4,256,0.2,0.001,100,0.5054848790168762,0.3596733510494232,0.3606351912021637,0.36422795057296753,0.353881299495697,0.3530007302761078,0.3545222580432892,0.35657936334609985,0.30859822034835815,0.25342899560928345,0.2234702706336975,0.3719472885131836,0.24631652235984802,0.25197428464889526,0.22928865253925323,0.24826641380786896
4,256,0.2,0.001,10,0.6195271611213684,0.481759250164032,0.4861109256744385,0.49137917160987854,0.47776225209236145,0.4765148162841797,0.47736990451812744,0.4805796444416046,0.36295217275619507,0.4396992325782776,0.41017353534698486,0.36937713623046875,0.3995276689529419,0.36928313970565796,0.37338852882385254,0.398531973361969
4,256,0.2,0.0001,1000,1.3064626455307007,0.3957555890083313,0.37498900294303894,0.37006524205207825,0.3561112582683563,0.3519817292690277,0.352446049451828,0.35309043526649475,0.3958244323730469,0.34311389923095703,0.30318769812583923,0.30398303270339966,0.22833850979804993,0.2575998604297638,0.2573937773704529,0.2895621955394745
4,256,0.2,0.0001,100,1.3527634143829346,0.44476059079170227,0.43423548340797424,0.4357605576515198,0.42386680841445923,0.4224272072315216,0.4245810806751251,0.4262629747390747,0.4785457253456116,0.37095361948013306,0.4077019691467285,0.39395269751548767,0.40313971042633057,0.3318936824798584,0.37590304017066956,0.3999667763710022
4,256,0.2,0.0001,10,4.900976181030273,4.3053789138793945,4.3322434425354,4.375247478485107,4.257436275482178,4.230550289154053,4.251468658447266,4.2978668212890625,2.072899580001831,1.0893679857254028,1.4835309982299805,1.7647371292114258,1.9887830018997192,1.872424602508545,1.977797031402588,1.1662662029266357
4,256,0.1,0.01,1000,0.5176020860671997,0.3973815143108368,0.401192843914032,0.4059639871120453,0.39441585540771484,0.395728200674057,0.3950502872467041,0.39786496758461,0.311823308467865,0.25717636942863464,0.32001760601997375,0.23386207222938538,0.2968910336494446,0.3304990828037262,0.2663605213165283,0.2842442989349365
4,256,0.1,0.01,100,0.537976861000061,0.3516194522380829,0.352871298789978,0.3558710515499115,0.3457490801811218,0.345106840133667,0.34663233160972595,0.3482043743133545,0.25448232889175415,0.22432272136211395,0.28025388717651367,0.23468667268753052,0.2045028954744339,0.2419702410697937,0.2096550315618515,0.2135145664215088
4,256,0.1,0.01,10,0.5813392996788025,0.3774142265319824,0.38213473558425903,0.38600626587867737,0.3754228949546814,0.37469735741615295,0.37593355774879456,0.3777686059474945,0.22307275235652924,0.3241003155708313,0.27610185742378235,0.36379706859588623,0.32320526242256165,0.2840951383113861,0.3284682631492615,0.25014203786849976
4,256,0.1,0.001,1000,0.4645102620124817,0.35073742270469666,0.3523769974708557,0.354798287153244,0.3435939848423004,0.34186744689941406,0.3428172767162323,0.3449450731277466,0.3248673975467682,0.24956145882606506,0.2559170722961426,0.24625997245311737,0.21915414929389954,0.2813614308834076,0.17793601751327515,0.23779182136058807
4,256,0.1,0.001,100,0.4766530990600586,0.35372403264045715,0.35568028688430786,0.3591799736022949,0.3489186763763428,0.3478028178215027,0.34986624121665955,0.35121774673461914,0.26615020632743835,0.26963162422180176,0.24140077829360962,0.2944399118423462,0.3240661025047302,0.2927137017250061,0.2589283585548401,0.2603023648262024
4,256,0.1,0.001,10,0.5580784678459167,0.44222593307495117,0.44572681188583374,0.4516914188861847,0.43820345401763916,0.436326265335083,0.4394042491912842,0.4422035813331604,0.2839176058769226,0.28851425647735596,0.35385915637016296,0.3406654894351959,0.33963555097579956,0.359203040599823,0.3253259062767029,0.3436731994152069
4,256,0.1,0.0001,1000,0.84052973985672,0.3709428906440735,0.36199018359184265,0.36172211170196533,0.3492380976676941,0.3465718626976013,0.34770625829696655,0.3489724099636078,0.2715319097042084,0.3008180260658264,0.29335057735443115,0.29957395792007446,0.24498148262500763,0.2540726065635681,0.27611279487609863,0.22900888323783875
4,256,0.1,0.0001,100,0.908638060092926,0.40972089767456055,0.4050178825855255,0.40704798698425293,0.3963298499584198,0.3941750228404999,0.3959347903728485,0.3978757858276367,0.31784552335739136,0.2723720371723175,0.31272998452186584,0.340277761220932,0.33178678154945374,0.3076919615268707,0.302020788192749,0.2921457886695862
4,256,0.1,0.0001,10,3.2709438800811768,2.882796049118042,2.9072535037994385,2.9389231204986572,2.8479957580566406,2.840667963027954,2.8569376468658447,2.8873825073242188,1.0681512355804443,1.099082589149475,1.623414397239685,1.6645756959915161,1.7432612180709839,1.3956645727157593,1.316840648651123,1.0207628011703491
4,256,0.05,0.01,1000,0.5417020320892334,0.39510929584503174,0.4024380147457123,0.4062827229499817,0.3944382965564728,0.3957178592681885,0.3949891924858093,0.39684391021728516,0.2280748188495636,0.31865575909614563,0.29607629776000977,0.2921631336212158,0.29290392994880676,0.30499351024627686,0.3347224295139313,0.28201043605804443
4,256,0.05,0.01,100,0.491362988948822,0.3485270142555237,0.3510962426662445,0.35431236028671265,0.344198614358902,0.3434469699859619,0.3449113070964813,0.3466285467147827,0.277350515127182,0.266113817691803,0.23935633897781372,0.3122330605983734,0.24614377319812775,0.3135763704776764,0.22348567843437195,0.2756154537200928
4,256,0.05,0.01,10,0.5024972558021545,0.37242668867111206,0.37703177332878113,0.3805496394634247,0.3700404167175293,0.3689931631088257,0.37070590257644653,0.3728518784046173,0.2619638442993164,0.26149410009384155,0.3291446566581726,0.18251952528953552,0.278812974691391,0.24270915985107422,0.202344611287117,0.29555487632751465
4,256,0.05,0.001,1000,0.42234715819358826,0.3483716547489166,0.3502902686595917,0.3533569872379303,0.3424292206764221,0.3405444920063019,0.3418046534061432,0.3439781069755554,0.19957058131694794,0.29156598448753357,0.1925547569990158,0.25584346055984497,0.24964813888072968,0.22763849794864655,0.22608423233032227,0.33338719606399536
4,256,0.05,0.001,100,0.4486224949359894,0.3506620228290558,0.3532945215702057,0.3571279048919678,0.34686732292175293,0.3457113206386566,0.34771114587783813,0.3492029011249542,0.25058382749557495,0.2678595185279846,0.2679215669631958,0.27763745188713074,0.20379802584648132,0.25891607999801636,0.2623661756515503,0.24715247750282288
4,256,0.05,0.001,10,0.4970129132270813,0.41602054238319397,0.42034414410591125,0.4250745177268982,0.413886696100235,0.41196125745773315,0.4138646721839905,0.4153148829936981,0.2847629189491272,0.37753772735595703,0.2783929705619812,0.3307591676712036,0.22741229832172394,0.2349538654088974,0.3334048390388489,0.2591440975666046
4,256,0.05,0.0001,1000,0.7901799082756042,0.36779460310935974,0.35860586166381836,0.3590927720069885,0.34726375341415405,0.3441774845123291,0.345326691865921,0.3469485938549042,0.2563563883304596,0.29964548349380493,0.2545730769634247,0.23113223910331726,0.2729715406894684,0.22464583814144135,0.29573753476142883,0.26843929290771484
4,256,0.05,0.0001,100,0.8043121099472046,0.4042596220970154,0.3979836106300354,0.39970335364341736,0.3890202045440674,0.386794775724411,0.38886818289756775,0.391684353351593,0.22371479868888855,0.28434062004089355,0.27001699805259705,0.2858017683029175,0.3482261896133423,0.3196393847465515,0.3080517053604126,0.27240973711013794
4,256,0.05,0.0001,10,2.165987253189087,1.9571354389190674,1.9762548208236694,1.996683120727539,1.939277172088623,1.9257099628448486,1.9448901414871216,1.958984613418579,1.1073062419891357,1.3216111660003662,0.8289923667907715,0.5635886192321777,0.9332253932952881,1.3655436038970947,1.8096740245819092,0.5672677159309387
4,512,0.2,0.01,1000,0.8774387240409851,0.3976201117038727,0.4016045033931732,0.40617993474006653,0.3947543203830719,0.39568203687667847,0.3950229287147522,0.3969120681285858,0.3594077527523041,0.3135036826133728,0.31899452209472656,0.32269519567489624,0.35225003957748413,0.4188332259654999,0.25548693537712097,0.32210615277290344
4,512,0.2,0.01,100,0.9882787466049194,0.3593583106994629,0.35911157727241516,0.361539363861084,0.35118386149406433,0.3501643240451813,0.3514308035373688,0.35343265533447266,0.21371033787727356,0.2585224509239197,0.28567445278167725,0.275834858417511,0.2393042892217636,0.3223338723182678,0.23816806077957153,0.33147042989730835
4,512,0.2,0.01,10,0.9775040149688721,0.39102861285209656,0.3957555294036865,0.40017440915107727,0.3892456293106079,0.3894640803337097,0.3894282579421997,0.3913900852203369,0.2780155539512634,0.2700330317020416,0.30465760827064514,0.20783482491970062,0.33549198508262634,0.2783057391643524,0.32421591877937317,0.28779685497283936
4,512,0.2,0.001,1000,0.44625791907310486,0.35282936692237854,0.35429978370666504,0.3567522168159485,0.3459838628768921,0.3440707325935364,0.3450266420841217,0.3468787372112274,0.26563382148742676,0.24635690450668335,0.30400151014328003,0.3096958100795746,0.2734708786010742,0.2402382493019104,0.22638514637947083,0.195021390914917
4,512,0.2,0.001,100,0.4770902097225189,0.35332608222961426,0.35538390278816223,0.3589704930782318,0.3488888740539551,0.3481525778770447,0.34967702627182007,0.3514605164527893,0.3294569253921509,0.2708526849746704,0.2716342806816101,0.3179015815258026,0.2582295536994934,0.23537799715995789,0.28650781512260437,0.2719520926475525
4,512,0.2,0.001,10,0.5371742844581604,0.42803025245666504,0.431664377450943,0.4368429481983185,0.4245836138725281,0.4230455756187439,0.4254445433616638,0.4269993007183075,0.37101539969444275,0.4330352246761322,0.3445450961589813,0.36131176352500916,0.3837464153766632,0.4059227406978607,0.3776203393936157,0.3956795036792755
4,512,0.2,0.0001,1000,0.7272801995277405,0.3707713782787323,0.3622444272041321,0.36228489875793457,0.3496491611003876,0.34681597352027893,0.3478165864944458,0.3491384983062744,0.3460785448551178,0.334961473941803,0.274910569190979,0.2765178680419922,0.27732157707214355,0.28126493096351624,0.22056610882282257,0.28223085403442383
4,512,0.2,0.0001,100,0.7877424955368042,0.3965633809566498,0.39330416917800903,0.39583632349967957,0.38500210642814636,0.38323861360549927,0.3855769634246826,0.387408047914505,0.3374427556991577,0.3301211893558502,0.30174365639686584,0.26340344548225403,0.33109351992607117,0.31552600860595703,0.37589362263679504,0.290237694978714
4,512,0.2,0.0001,10,2.3547778129577637,2.067105531692505,2.0870635509490967,2.1083009243011475,2.0457215309143066,2.02878475189209,2.0497798919677734,2.071808338165283,0.6711296439170837,0.7806177139282227,0.8351629972457886,0.7915066480636597,0.3571318984031677,0.5830455422401428,0.6234764456748962,0.702519416809082
4,512,0.1,0.01,1000,0.8323844075202942,0.4035499095916748,0.4084188938140869,0.4307120442390442,0.4052920937538147,0.39562392234802246,0.40171316266059875,0.4086630046367645,0.26886722445487976,0.37563270330429077,0.27527183294296265,0.29557573795318604,0.2897244393825531,0.27794593572616577,0.24869899451732635,0.24837873876094818
4,512,0.1,0.01,100,1.001114010810852,0.3559635281562805,0.3551091253757477,0.35799434781074524,0.34743747115135193,0.3466358184814453,0.34804028272628784,0.3496599495410919,0.31032487750053406,0.339168906211853,0.1904548555612564,0.2220488041639328,0.3037242889404297,0.24684137105941772,0.2827203869819641,0.30573248863220215
4,512,0.1,0.01,10,0.960865318775177,0.3749561011791229,0.379800945520401,0.38354015350341797,0.3730486333370209,0.3721531331539154,0.37393736839294434,0.37596455216407776,0.2349948137998581,0.2530668079853058,0.3888018727302551,0.24031154811382294,0.27290061116218567,0.2746247947216034,0.29713720083236694,0.24663959443569183
4,512,0.1,0.001,1000,0.46293193101882935,0.34961363673210144,0.35130783915519714,0.35418301820755005,0.34343522787094116,0.3418063819408417,0.3428441286087036,0.3446948230266571,0.24908855557441711,0.2516954243183136,0.2357715517282486,0.2711915969848633,0.2579391598701477,0.3022500276565552,0.29654231667518616,0.1662808209657669
4,512,0.1,0.001,100,0.4222770631313324,0.34916818141937256,0.35162702202796936,0.3554241955280304,0.3450941741466522,0.34436431527137756,0.34612342715263367,0.34774693846702576,0.2434021383523941,0.285415917634964,0.2504480481147766,0.21501892805099487,0.23736435174942017,0.29725638031959534,0.235737144947052,0.2653643488883972
4,512,0.1,0.001,10,0.4921492636203766,0.401935875415802,0.40632718801498413,0.40992486476898193,0.39939138293266296,0.3972959816455841,0.3998516798019409,0.4019215404987335,0.2924649715423584,0.27963486313819885,0.24323806166648865,0.27930760383605957,0.35830315947532654,0.3154849112033844,0.3456076681613922,0.32501623034477234
4,512,0.1,0.0001,1000,0.660246729850769,0.3611498177051544,0.3567265272140503,0.3575145900249481,0.3463764190673828,0.34330710768699646,0.3446540832519531,0.34635189175605774,0.345626562833786,0.27233701944351196,0.26683470606803894,0.2986684739589691,0.2756851315498352,0.22839505970478058,0.23102086782455444,0.33578452467918396
4,512,0.1,0.0001,100,0.745384693145752,0.38500064611434937,0.38230061531066895,0.38486310839653015,0.37441158294677734,0.37285545468330383,0.3753155469894409,0.37679004669189453,0.33362671732902527,0.2889273464679718,0.28981566429138184,0.2861385643482208,0.23115839064121246,0.23992489278316498,0.31436026096343994,0.2983812689781189
4,512,0.1,0.0001,10,1.6123125553131104,1.4096267223358154,1.4188469648361206,1.4367121458053589,1.4009770154953003,1.3883700370788574,1.3914862871170044,1.4088282585144043,0.6316861510276794,0.6915087699890137,0.4390772879123688,0.7110705375671387,0.6743574142456055,0.7424901723861694,0.8841672539710999,0.5931754112243652
4,512,0.05,0.01,1000,0.8503676056861877,0.3822174668312073,0.39261871576309204,0.40624406933784485,0.3949600160121918,0.3956667482852936,0.397543340921402,0.3970429599285126,0.3179471492767334,0.278768926858902,0.2897614538669586,0.34484460949897766,0.30863696336746216,0.3360503613948822,0.26818549633026123,0.3176846206188202
4,512,0.05,0.01,100,0.807266891002655,0.3522181808948517,0.3531603217124939,0.3561963140964508,0.3459809124469757,0.3454297184944153,0.34673064947128296,0.348614364862442,0.29724591970443726,0.23447999358177185,0.2827208936214447,0.2271302342414856,0.2322428822517395,0.25579771399497986,0.19625768065452576,0.26315346360206604
4,512,0.05,0.01,10,1.0705233812332153,0.39527300000190735,0.40016958117485046,0.4049646258354187,0.3933636546134949,0.3945797085762024,0.393906831741333,0.39573875069618225,0.3377288281917572,0.34386342763900757,0.29365816712379456,0.3713933527469635,0.31870734691619873,0.22789573669433594,0.26082727313041687,0.36061930656433105
4,512,0.05,0.001,1000,0.4656130075454712,0.3490743041038513,0.3508547246456146,0.35350415110588074,0.342803418636322,0.34077852964401245,0.3415695130825043,0.3435342609882355,0.29496920108795166,0.3269292712211609,0.20523110032081604,0.19518914818763733,0.24244947731494904,0.24684639275074005,0.36824315786361694,0.213416188955307
4,512,0.05,0.001,100,0.4786577522754669,0.3477897644042969,0.3508874773979187,0.354592889547348,0.34434524178504944,0.3432197570800781,0.34510695934295654,0.3469465970993042,0.2883460819721222,0.28781843185424805,0.2883228063583374,0.26398971676826477,0.28856587409973145,0.2691122889518738,0.20689810812473297,0.2307584583759308
4,512,0.05,0.001,10,0.5091373324394226,0.3874627351760864,0.3911648094654083,0.39495253562927246,0.3841150403022766,0.3832218647003174,0.38519805669784546,0.387145072221756,0.31800752878189087,0.21709513664245605,0.20877303183078766,0.25882017612457275,0.2814362347126007,0.30584049224853516,0.23587220907211304,0.27444028854370117
4,512,0.05,0.0001,1000,0.5473814010620117,0.3555832505226135,0.35294902324676514,0.3550809919834137,0.34383076429367065,0.3414209187030792,0.34281641244888306,0.34468573331832886,0.21982499957084656,0.21153995394706726,0.22127993404865265,0.2641911804676056,0.23338273167610168,0.24299728870391846,0.18776097893714905,0.3206678628921509
4,512,0.05,0.0001,100,0.6529443860054016,0.3790343105792999,0.37733471393585205,0.38020825386047363,0.3690228760242462,0.3676375150680542,0.3701132833957672,0.3717272877693176,0.3201027810573578,0.2585958242416382,0.29350873827934265,0.23414230346679688,0.28998059034347534,0.3304379880428314,0.2199344038963318,0.2816741168498993
4,512,0.05,0.0001,10,1.4230173826217651,1.2367833852767944,1.2467995882034302,1.259036660194397,1.2239372730255127,1.2074940204620361,1.220464825630188,1.2381211519241333,0.43729278445243835,0.8494565486907959,0.5892523527145386,0.7327569127082825,0.6123632192611694,0.30900365114212036,0.49253392219543457,0.6070606708526611
5,128,0.2,0.01,1000,0.43925437331199646,0.3726591169834137,0.37743887305259705,0.3837093710899353,0.37503674626350403,0.37278279662132263,0.37217605113983154,0.37408384680747986,0.2921026051044464,0.16336864233016968,0.2931978702545166,0.3133806586265564,0.29335489869117737,0.2684344947338104,0.272428959608078,0.23386935889720917
5,128,0.2,0.01,100,0.4318845570087433,0.3615522086620331,0.3640933036804199,0.3675408661365509,0.3571792244911194,0.3563079833984375,0.3572383224964142,0.35967710614204407,0.28454676270484924,0.2950844466686249,0.20582062005996704,0.24559509754180908,0.2971676290035248,0.20580002665519714,0.2128698080778122,0.353898286819458
5,128,0.2,0.01,10,0.42056983709335327,0.38122859597206116,0.3858763575553894,0.3900057077407837,0.3793894052505493,0.37901654839515686,0.3798986077308655,0.3822385370731354,0.26641014218330383,0.3033679723739624,0.30630677938461304,0.2689003348350525,0.30497053265571594,0.2912752628326416,0.27635982632637024,0.2975243926048279
5,128,0.2,0.001,1000,0.507959246635437,0.3579743206501007,0.35737523436546326,0.3592380881309509,0.34757259488105774,0.3457545042037964,0.34650713205337524,0.3479880392551422,0.25157177448272705,0.30907106399536133,0.23817317187786102,0.23393863439559937,0.2744874954223633,0.30096635222435,0.18095937371253967,0.3381379544734955
5,128,0.2,0.001,100,0.44075265526771545,0.3635164797306061,0.36486920714378357,0.36774519085884094,0.35756441950798035,0.35709884762763977,0.3585301339626312,0.36032411456108093,0.24540993571281433,0.26507747173309326,0.26839086413383484,0.2562274634838104,0.28303274512290955,0.3146067261695862,0.2845568358898163,0.30062222480773926
5,128,0.2,0.001,10,0.5922465324401855,0.4960358440876007,0.4996965229511261,0.5052995681762695,0.4923985004425049,0.4908994436264038,0.4932723343372345,0.49573612213134766,0.40499651432037354,0.4203251004219055,0.44551318883895874,0.48390817642211914,0.41784971952438354,0.37326598167419434,0.37696585059165955,0.46843475103378296
5,128,0.2,0.0001,1000,0.9576276540756226,0.4083200693130493,0.3879990577697754,0.37968480587005615,0.3638986051082611,0.35984382033348083,0.35876139998435974,0.35919278860092163,0.42745333909988403,0.42561057209968567,0.3319149315357208,0.29995933175086975,0.30940473079681396,0.3084038496017456,0.27271679043769836,0.30679410696029663
5,128,0.2,0.0001,100,1.5306771993637085,0.48964110016822815,0.47056201100349426,0.4724214971065521,0.4592377841472626,0.457465797662735,0.45953160524368286,0.4613291621208191,0.4391202926635742,0.4979326128959656,0.4141823947429657,0.4247806668281555,0.4587368965148926,0.418938547372818,0.47998490929603577,0.409193754196167
5,128,0.2,0.0001,10,3.411381483078003,3.0330698490142822,3.0513739585876465,3.0842247009277344,2.9934074878692627,2.9809930324554443,2.999896287918091,3.034153938293457,1.307188630104065,0.6961458325386047,0.8688217997550964,0.580751359462738,0.7173241972923279,1.06980299949646,0.6182853579521179,0.8315266370773315
5,128,0.1,0.01,1000,0.4010179042816162,0.3697678744792938,0.3729918897151947,0.3747361898422241,0.3741176426410675,0.3646000325679779,0.36288878321647644,0.36456313729286194,0.3486783802509308,0.33559009432792664,0.2872776985168457,0.24271711707115173,0.24563977122306824,0.21977302432060242,0.20416660606861115,0.23749232292175293
5,128,0.1,0.01,100,0.41520804166793823,0.3518681526184082,0.3539219796657562,0.35719841718673706,0.3469639718532562,0.34605059027671814,0.3473586440086365,0.34931910037994385,0.24325135350227356,0.3370453119277954,0.2624017894268036,0.24473801255226135,0.29414916038513184,0.2555164396762848,0.2293996512889862,0.2481662631034851
5,128,0.1,0.01,10,0.4237341284751892,0.3791411817073822,0.38395190238952637,0.3877771496772766,0.37709707021713257,0.3760562837123871,0.3774424195289612,0.3796982765197754,0.31275051832199097,0.3275163173675537,0.3387325406074524,0.30222412943840027,0.2910347878932953,0.2310853898525238,0.2987630367279053,0.3402152955532074
5,128,0.1,0.001,1000,0.47097519040107727,0.35220399498939514,0.35284262895584106,0.35547441244125366,0.3442831039428711,0.3423687517642975,0.34346336126327515,0.345413476228714,0.19428034126758575,0.25744763016700745,0.23173801600933075,0.26519888639450073,0.3034081757068634,0.2658209204673767,0.2044820338487625,0.25422346591949463
5,128,0.1,0.001,100,0.43361756205558777,0.3580773174762726,0.3601313531398773,0.36366188526153564,0.3532903790473938,0.3524019420146942,0.35418814420700073,0.3558107614517212,0.262221097946167,0.25031039118766785,0.2659342885017395,0.3005138337612152,0.29480838775634766,0.26965591311454773,0.2538932263851166,0.2869635820388794
5,128,0.1,0.001,10,0.5198546051979065,0.4440515339374542,0.44936153292655945,0.45459336042404175,0.4417174160480499,0.43995094299316406,0.442391961812973,0.44474709033966064,0.314119815826416,0.33904799818992615,0.4177383482456207,0.3413333594799042,0.3336573839187622,0.31686848402023315,0.30099785327911377,0.29596373438835144
5,128,0.1,0.0001,1000,1.1804609298706055,0.3930024802684784,0.3740185797214508,0.36973026394844055,0.3558395206928253,0.3522668778896332,0.35250547528266907,0.3532131016254425,0.26723435521125793,0.348716139793396,0.23457618057727814,0.24501891434192657,0.2506396472454071,0.335427463054657,0.22296971082687378,0.24541597068309784
5,128,0.1,0.0001,100,0.8919538855552673,0.42903876304626465,0.42254090309143066,0.4259718954563141,0.4139796793460846,0.4122733473777771,0.41451001167297363,0.4162268340587616,0.3446290194988251,0.3274986743927002,0.31322306394577026,0.2581447958946228,0.35328546166419983,0.36297404766082764,0.2934320569038391,0.338055282831192
5,128,0.1,0.0001,10,2.285886764526367,2.0224802494049072,2.0332846641540527,2.055586099624634,1.9989084005355835,1.9932377338409424,1.9984428882598877,2.0187745094299316,0.8453047871589661,0.8447927236557007,0.8607102036476135,0.8700125217437744,1.1191999912261963,0.6659138202667236,0.7036066651344299,0.6127429008483887
5,128,0.05,0.01,1000,0.44758477807044983,0.3622048497200012,0.38048139214515686,0.40664708614349365,0.39444422721862793,0.3957485854625702,0.3950516879558563,0.39678651094436646,0.3251626193523407,0.281760573387146,0.3281419575214386,0.36919689178466797,0.28788769245147705,0.3326137363910675,0.20609590411186218,0.23053570091724396
5,128,0.05,0.01,100,0.4386969208717346,0.3485160768032074,0.3512169122695923,0.35451164841651917,0.34437039494514465,0.34350553154945374,0.34523335099220276,0.3470514416694641,0.2337990403175354,0.3738119602203369,0.19299228489398956,0.2834709584712982,0.2491142451763153,0.21492183208465576,0.3053005337715149,0.34592437744140625
5,128,0.05,0.01,10,0.4281887412071228,0.3717584013938904,0.3761298656463623,0.37992069125175476,0.36978018283843994,0.3687279224395752,0.3699503540992737,0.372088760137558,0.3117022216320038,0.32265162467956543,0.2746644616127014,0.2933933734893799,0.32467713952064514,0.23269079625606537,0.21819454431533813,0.2705354690551758
5,128,0.05,0.001,1000,0.46060892939567566,0.35004734992980957,0.350959450006485,0.3537970185279846,0.34287121891975403,0.3408191204071045,0.34190014004707336,0.34371861815452576,0.190363347530365,0.23704518377780914,0.19557100534439087,0.2979699969291687,0.23427577316761017,0.1947939395904541,0.26401662826538086,0.2669493556022644
5,128,0.05,0.001,100,0.4276833236217499,0.3537788987159729,0.35610464215278625,0.35930442810058594,0.3494058847427368,0.34837523102760315,0.35001978278160095,0.3518001139163971,0.26516246795654297,0.344903826713562,0.3010585308074951,0.2438705414533615,0.28048819303512573,0.3018055260181427,0.3406427502632141,0.1897689700126648
5,128,0.05,0.001,10,0.4740844666957855,0.42777296900749207,0.4320307672023773,0.43679654598236084,0.4248085618019104,0.4235828220844269,0.4260460436344147,0.427914559841156,0.2722446918487549,0.4069085419178009,0.3763367533683777,0.2964235842227936,0.30822569131851196,0.32395195960998535,0.3103586435317993,0.2920844554901123
5,128,0.05,0.0001,1000,0.6513250470161438,0.3740849494934082,0.36370113492012024,0.3630593419075012,0.3504578471183777,0.3475271463394165,0.3482796251773834,0.3496967554092407,0.27360326051712036,0.28766852617263794,0.2274392545223236,0.2900872826576233,0.28540003299713135,0.22742527723312378,0.22259031236171722,0.25698673725128174
5,128,0.05,0.0001,100,0.7961124181747437,0.41539815068244934,0.4111417531967163,0.4136684536933899,0.4022737741470337,0.40014180541038513,0.40257927775382996,0.4049350917339325,0.3411259055137634,0.30497100949287415,0.3295761048793793,0.27243852615356445,0.2348472774028778,0.2664632797241211,0.2863912284374237,0.3672650456428528
5,128,0.05,0.0001,10,1.540765643119812,1.3809772729873657,1.3930643796920776,1.4067214727401733,1.3691540956497192,1.35847008228302,1.3695034980773926,1.3838398456573486,0.526687741279602,0.5993290543556213,0.554676353931427,0.9308943748474121,0.3742789328098297,0.6087576746940613,0.6311013698577881,0.8228181600570679
5,256,0.2,0.01,1000,0.4755648672580719,0.40447503328323364,0.402157723903656,0.4058642089366913,0.3946009874343872,0.3958948254585266,0.39572522044181824,0.3969706594944,0.31153467297554016,0.29173916578292847,0.2931477129459381,0.2929074764251709,0.3574432134628296,0.35265275835990906,0.3059115409851074,0.29094529151916504
5,256,0.2,0.01,100,0.4666197896003723,0.35776907205581665,0.36027562618255615,0.363115519285202,0.3529185652732849,0.3522041141986847,0.3530380427837372,0.3552326261997223,0.27124330401420593,0.2874830961227417,0.24073344469070435,0.26744621992111206,0.3388608694076538,0.2682375907897949,0.30980440974235535,0.2202901840209961
5,256,0.2,0.01,10,0.49085870385169983,0.3817076086997986,0.38638535141944885,0.39003172516822815,0.37970492243766785,0.3794667720794678,0.37997710704803467,0.38235190510749817,0.2896227538585663,0.27081143856048584,0.31113773584365845,0.343527615070343,0.32047584652900696,0.354412317276001,0.31508708000183105,0.282662034034729
5,256,0.2,0.001,1000,0.4185669720172882,0.35331544280052185,0.3546520173549652,0.3573988974094391,0.3460056781768799,0.3441339433193207,0.34513014554977417,0.34663355350494385,0.3345707356929779,0.257685124874115,0.24107499420642853,0.2799888253211975,0.25053173303604126,0.2552502453327179,0.225189208984375,0.2772570848464966
5,256,0.2,0.001,100,0.4153321087360382,0.35667020082473755,0.35827046632766724,0.3618348240852356,0.35187602043151855,0.3510105013847351,0.3524547517299652,0.35439053177833557,0.26363056898117065,0.32775458693504333,0.28354325890541077,0.2656596899032593,0.2819989025592804,0.26470255851745605,0.27555906772613525,0.2674259543418884
5,256,0.2,0.001,10,0.5188857913017273,0.4419192671775818,0.446354478597641,0.4514714181423187,0.4389263391494751,0.43805089592933655,0.44005605578422546,0.4421284794807434,0.4272715449333191,0.4502173066139221,0.5126696825027466,0.43416082859039307,0.3956412672996521,0.4348306655883789,0.4441220164299011,0.4375510513782501
5,256,0.2,0.0001,1000,0.7386263608932495,0.38446712493896484,0.37081122398376465,0.3683513402938843,0.35498833656311035,0.35135674476623535,0.35177987813949585,0.3530164957046509,0.3426884114742279,0.3387695550918579,0.2848197817802429,0.26810193061828613,0.28872615098953247,0.30681368708610535,0.3115062415599823,0.25320756435394287
5,256,0.2,0.0001,100,0.8429602384567261,0.425487220287323,0.42060360312461853,0.4236450493335724,0.4116831123828888,0.4103521704673767,0.41201120615005493,0.4144211709499359,0.43991830945014954,0.3971177041530609,0.39912906289100647,0.4249403178691864,0.35309725999832153,0.41683831810951233,0.4108186960220337,0.39750155806541443
5,256,0.2,0.0001,10,2.629721164703369,2.2895538806915283,2.3108294010162354,2.3307371139526367,2.2719836235046387,2.258063554763794,2.2671477794647217,2.280843496322632,0.7120807766914368,0.7253840565681458,0.9866036176681519,0.7346787452697754,1.2602207660675049,0.7630839943885803,0.5339041352272034,0.8009155988693237
5,256,0.1,0.01,1000,0.49212613701820374,0.3860774040222168,0.40301981568336487,0.4063079059123993,0.39551275968551636,0.3956507444381714,0.3950021266937256,0.3976535499095917,0.32085832953453064,0.29657021164894104,0.29630139470100403,0.2523993253707886,0.2882210910320282,0.32258644700050354,0.31484752893447876,0.3506090044975281
5,256,0.1,0.01,100,0.48142755031585693,0.35065221786499023,0.3522287905216217,0.3555426001548767,0.34553176164627075,0.3446379005908966,0.345984548330307,0.34767624735832214,0.27689775824546814,0.3077242374420166,0.2582869827747345,0.3426024317741394,0.24739354848861694,0.2633478045463562,0.24839037656784058,0.21930474042892456
5,256,0.1,0.01,10,0.4698216915130615,0.36561304330825806,0.36984509229660034,0.3737584352493286,0.3636462986469269,0.3628533184528351,0.3640957772731781,0.3656539022922516,0.34934279322624207,0.32050609588623047,0.267978310585022,0.30692175030708313,0.36235281825065613,0.3377281427383423,0.30313658714294434,0.3008071482181549
5,256,0.1,0.001,1000,0.4236401617527008,0.3501521050930023,0.3519626557826996,0.35451170802116394,0.3431500196456909,0.3418084681034088,0.3426044285297394,0.34485524892807007,0.25190043449401855,0.2128698080778122,0.2608674168586731,0.23400664329528809,0.22437366843223572,0.22962751984596252,0.274321049451828,0.29896628856658936
5,256,0.1,0.001,100,0.4172566831111908,0.3516866862773895,0.354345440864563,0.35804685950279236,0.3477679193019867,0.3467864990234375,0.34856486320495605,0.35037049651145935,0.25860369205474854,0.29573267698287964,0.23072339594364166,0.27551352977752686,0.28186944127082825,0.2991025447845459,0.2524186074733734,0.28262120485305786
5,256,0.1,0.001,10,0.4393254816532135,0.40435829758644104,0.4084056317806244,0.4125860631465912,0.4019702076911926,0.40010032057762146,0.4022063612937927,0.40379640460014343,0.32248079776763916,0.31913572549819946,0.36855149269104004,0.338256299495697,0.36078983545303345,0.3320930004119873,0.2791703939437866,0.3351358473300934
5,256,0.1,0.0001,1000,0.7110188603401184,0.372221976518631,0.36306482553482056,0.3619818389415741,0.3496798872947693,0.34657225012779236,0.3476850092411041,0.3488976061344147,0.27050721645355225,0.3366163372993469,0.287993848323822,0.24522696435451508,0.21603156626224518,0.2862021327018738,0.29257988929748535,0.2588772773742676
5,256,0.1,0.0001,100,0.6087802648544312,0.3970838487148285,0.3951128125190735,0.39845073223114014,0.3867839574813843,0.38601768016815186,0.38774529099464417,0.3899824619293213,0.3354141116142273,0.2917311489582062,0.26331618428230286,0.3252234160900116,0.25876355171203613,0.3193320035934448,0.2722703516483307,0.2202111929655075
5,256,0.1,0.0001,10,1.1866220235824585,1.0611735582351685,1.0682594776153564,1.0769141912460327,1.0493619441986084,1.0460110902786255,1.0444104671478271,1.0579708814620972,0.5054227113723755,0.4039419889450073,0.48857027292251587,0.5003598928451538,0.4085637331008911,0.6168093085289001,0.19071359932422638,0.542626142501831
5,256,0.05,0.01,1000,0.47014936804771423,0.36676135659217834,0.372653990983963,0.3775196075439453,0.37103307247161865,0.3667864203453064,0.3628208041191101,0.36416804790496826,0.3174779415130615,0.26360219717025757,0.2428104430437088,0.24243560433387756,0.25760418176651,0.29271045327186584,0.26089873909950256,0.3155618906021118
5,256,0.05,0.01,100,0.4960689842700958,0.34845754504203796,0.35098937153816223,0.35419389605522156,0.3441564738750458,0.3432295620441437,0.3447938859462738,0.3466322720050812,0.22116391360759735,0.2594270706176758,0.2863787114620209,0.24528120458126068,0.3368107080459595,0.20698606967926025,0.27227088809013367,0.3321913778781891
5,256,0.05,0.01,10,0.5314795970916748,0.3682824671268463,0.3730231821537018,0.3769412636756897,0.36641284823417664,0.3654738962650299,0.3668268620967865,0.36883288621902466,0.30244430899620056,0.2748039662837982,0.2898362874984741,0.2749585509300232,0.2905534505844116,0.26688799262046814,0.24379676580429077,0.3071278929710388
5,256,0.05,0.001,1000,0.4070493280887604,0.34781965613365173,0.35042816400527954,0.3533216118812561,0.3425138294696808,0.340827614068985,0.34182944893836975,0.34385257959365845,0.2783726751804352,0.29299551248550415,0.25648489594459534,0.26015275716781616,0.2535332441329956,0.27784833312034607,0.21576696634292603,0.2994149923324585
5,256,0.05,0.001,100,0.4073936641216278,0.34982001781463623,0.352417916059494,0.3560287654399872,0.3459017872810364,0.3449496030807495,0.34689703583717346,0.34853675961494446,0.2852412164211273,0.23708465695381165,0.2624865174293518,0.29003795981407166,0.2540230453014374,0.2532564103603363,0.3047855794429779,0.25879138708114624
5,256,0.05,0.001,10,0.4508059024810791,0.39949238300323486,0.4035312533378601,0.40746793150901794,0.3965300917625427,0.3947383463382721,0.3968733549118042,0.39914628863334656,0.3002873957157135,0.29533636569976807,0.3811321258544922,0.25935184955596924,0.31459879875183105,0.2835932970046997,0.36499691009521484,0.24209417402744293
5,256,0.05,0.0001,1000,0.6252741813659668,0.3634527921676636,0.3573436439037323,0.3581629991531372,0.3464464843273163,0.34373146295547485,0.3448953330516815,0.3466087281703949,0.25986266136169434,0.22925910353660583,0.2424703687429428,0.2652858793735504,0.25036919116973877,0.24879670143127441,0.248819038271904,0.18206511437892914
5,256,0.05,0.0001,100,0.6305506229400635,0.38804227113723755,0.385923832654953,0.3891995847225189,0.3783241808414459,0.3766251802444458,0.3788624107837677,0.38078418374061584,0.2736945152282715,0.32376018166542053,0.2694055140018463,0.2998310625553131,0.19777897000312805,0.2954760491847992,0.253316730260849,0.2383001297712326
5,256,0.05,0.0001,10,1.3600493669509888,1.191169261932373,1.2018144130706787,1.211665391921997,1.18133544921875,1.1708928346633911,1.1804763078689575,1.1936213970184326,0.40622368454933167,0.6785488128662109,0.7734988331794739,0.642409086227417,0.5640080571174622,0.7368106842041016,0.7698628306388855,0.6455546021461487
5,512,0.2,0.01,1000,0.9463518261909485,0.3963524401187897,0.40373021364212036,0.40593448281288147,0.3944741189479828,0.3956882953643799,0.39500850439071655,0.3968510627746582,0.3350095748901367,0.3057630658149719,0.33290088176727295,0.4350798428058624,0.28501084446907043,0.3187027871608734,0.2593182921409607,0.31065553426742554
5,512,0.2,0.01,100,0.8592782020568848,0.3595084249973297,0.36137914657592773,0.3648254871368408,0.35446226596832275,0.3534155786037445,0.35449594259262085,0.35669413208961487,0.27310124039649963,0.3145032525062561,0.25593721866607666,0.2522200644016266,0.19803060591220856,0.24654853343963623,0.17465192079544067,0.4026169776916504
5,512,0.2,0.01,10,1.2314677238464355,0.39776501059532166,0.40271884202957153,0.40754520893096924,0.3959665894508362,0.39729633927345276,0.39638006687164307,0.3981611132621765,0.23855718970298767,0.3314366340637207,0.3208632469177246,0.22886711359024048,0.30214861035346985,0.20723046362400055,0.26170289516448975,0.32580792903900146
5,512,0.2,0.001,1000,0.43441829085350037,0.3523317575454712,0.35412171483039856,0.356826514005661,0.3464899957180023,0.34418633580207825,0.34488606452941895,0.34730416536331177,0.2877732217311859,0.22512078285217285,0.26277029514312744,0.25741463899612427,0.26975882053375244,0.2215958684682846,0.1791772097349167,0.2815910875797272
5,512,0.2,0.001,100,0.43580225110054016,0.35306406021118164,0.3550197184085846,0.3590315282344818,0.3484290838241577,0.3479463756084442,0.3492862582206726,0.351406067609787,0.3082365393638611,0.30468443036079407,0.28058886528015137,0.2824336886405945,0.27417558431625366,0.3618530333042145,0.30192863941192627,0.27908360958099365
5,512,0.2,0.001,10,0.476098895072937,0.40676239132881165,0.4117334485054016,0.4157668352127075,0.4047951102256775,0.40353456139564514,0.405136376619339,0.4069010317325592,0.4131629467010498,0.42152139544487,0.3922860026359558,0.3316830098628998,0.3522431254386902,0.4300628900527954,0.34884318709373474,0.39725613594055176
5,512,0.2,0.0001,1000,0.626727819442749,0.36978620290756226,0.3619135618209839,0.36208051443099976,0.35013917088508606,0.34656578302383423,0.34773245453834534,0.3491762578487396,0.3329383134841919,0.3945680856704712,0.2707139849662781,0.32449066638946533,0.29561322927474976,0.30356889963150024,0.29927730560302734,0.25678515434265137
5,512,0.2,0.0001,100,0.6311917304992676,0.394620805978775,0.39265644550323486,0.3952091336250305,0.3842805325984955,0.38314640522003174,0.3846224546432495,0.38675054907798767,0.3697730004787445,0.38943782448768616,0.3841502070426941,0.40401557087898254,0.3822062015533447,0.3840779662132263,0.36801865696907043,0.42736586928367615
5,512,0.2,0.0001,10,1.2008529901504517,1.0488841533660889,1.0565744638442993,1.0674251317977905,1.0393580198287964,1.0325933694839478,1.0371179580688477,1.0467568635940552,0.2568490207195282,0.3208042085170746,0.23884688317775726,0.4428229331970215,0.3411805033683777,0.3598782420158386,0.2781637907028198,0.3907278776168823
5,512,0.1,0.01,1000,1.7548120021820068,0.39617136120796204,0.4010320007801056,0.4059925079345703,0.3944381773471832,0.3957439064979553,0.39494743943214417,0.3975653350353241,0.2527180314064026,0.33496183156967163,0.2846827805042267,0.2901704013347626,0.25488659739494324,0.30204206705093384,0.31989991664886475,0.27321431040763855
5,512,0.1,0.01,100,1.0265450477600098,0.3966396749019623,0.4015643000602722,0.4063881039619446,0.39487412571907043,0.39623716473579407,0.3954154849052429,0.3973028063774109,0.3090857267379761,0.39372310042381287,0.2282455861568451,0.266081303358078,0.3382353186607361,0.3068370223045349,0.33845600485801697,0.3625524640083313
5,512,0.1,0.01,10,0.920684278011322,0.3808448314666748,0.38566455245018005,0.38953644037246704,0.37874269485473633,0.378357470035553,0.3789363205432892,0.3814725875854492,0.22086310386657715,0.28843405842781067,0.19311633706092834,0.2715645432472229,0.2691217064857483,0.310281366109848,0.28342297673225403,0.25543835759162903
5,512,0.1,0.001,1000,0.43558061122894287,0.3492141366004944,0.3508869707584381,0.3544657528400421,0.34336280822753906,0.3417532444000244,0.34282705187797546,0.3448013663291931,0.35701391100883484,0.30610424280166626,0.28603583574295044,0.18784643709659576,0.15747292339801788,0.2681290805339813,0.30155253410339355,0.2624562382698059
5,512,0.1,0.001,100,0.4309931993484497,0.34850022196769714,0.3513209819793701,0.35485532879829407,0.34484127163887024,0.3442370891571045,0.3455972373485565,0.34747275710105896,0.298655241727829,0.24940182268619537,0.3129954934120178,0.24723239243030548,0.29742008447647095,0.2753303647041321,0.24710988998413086,0.321608304977417
5,512,0.1,0.001,10,0.45141974091529846,0.3867024779319763,0.3907175362110138,0.39430686831474304,0.38393107056617737,0.3825599253177643,0.38534510135650635,0.38631367683410645,0.2850610017776489,0.2544516324996948,0.37895211577415466,0.28262144327163696,0.2759002149105072,0.2836437225341797,0.3392483592033386,0.2738410532474518
5,512,0.1,0.0001,1000,0.497793048620224,0.35784876346588135,0.3552118241786957,0.35694676637649536,0.34551382064819336,0.3430894911289215,0.3443342447280884,0.34594181180000305,0.2893708348274231,0.2943510115146637,0.3070868253707886,0.28535667061805725,0.226130872964859,0.26553767919540405,0.2879137098789215,0.2696210443973541
5,512,0.1,0.0001,100,0.56104975938797,0.3791614770889282,0.37881386280059814,0.38226306438446045,0.37155625224113464,0.36997905373573303,0.37194234132766724,0.37331029772758484,0.3356502056121826,0.2837931215763092,0.25481414794921875,0.35013705492019653,0.3245268762111664,0.2850651741027832,0.2898740768432617,0.2467946708202362
5,512,0.1,0.0001,10,0.8557838201522827,0.7557635307312012,0.7620288133621216,0.7671314477920532,0.7473152279853821,0.7425689697265625,0.7459723949432373,0.7524495720863342,0.254156231880188,0.39005187153816223,0.4089125394821167,0.3004458248615265,0.21391980350017548,0.2882615029811859,0.3226756155490875,0.4143298268318176
5,512,0.05,0.01,1000,1.1344319581985474,0.38346055150032043,0.3965877890586853,0.40600964426994324,0.3944377303123474,0.39562344551086426,0.395026832818985,0.39687615633010864,0.2504118084907532,0.3099662661552429,0.2731783986091614,0.2975362539291382,0.34654849767684937,0.31847599148750305,0.3022361099720001,0.273289293050766
5,512,0.05,0.01,100,1.3257981538772583,0.3568463623523712,0.359963983297348,0.36272993683815,0.352911114692688,0.35161635279655457,0.3524436950683594,0.3548017144203186,0.33410024642944336,0.20901846885681152,0.24294601380825043,0.2743184566497803,0.3142717480659485,0.22829490900039673,0.28971633315086365,0.2517141103744507
5,512,0.05,0.01,10,1.7082327604293823,0.39731308817863464,0.40230682492256165,0.4073619842529297,0.39563605189323425,0.3968186378479004,0.3961118459701538,0.39802730083465576,0.31818801164627075,0.2539457380771637,0.2572009861469269,0.2556338608264923,0.24066460132598877,0.26175302267074585,0.28767600655555725,0.2975095212459564
5,512,0.05,0.001,1000,0.40875762701034546,0.3470820486545563,0.349486380815506,0.3525751233100891,0.3421804904937744,0.340010404586792,0.34136512875556946,0.343062162399292,0.2196877896785736,0.33687955141067505,0.31368178129196167,0.2318628877401352,0.2487023025751114,0.2577936053276062,0.24513286352157593,0.2740650177001953
5,512,0.05,0.001,100,0.435944139957428,0.34655213356018066,0.3494916260242462,0.3533153831958771,0.3431805968284607,0.3422962427139282,0.34409576654434204,0.3457457423210144,0.2750682234764099,0.2990472912788391,0.24291464686393738,0.18662266433238983,0.28428441286087036,0.25050055980682373,0.2015523910522461,0.3273554742336273
5,512,0.05,0.001,10,0.4346787929534912,0.3737165331840515,0.377940833568573,0.3815266788005829,0.37161457538604736,0.3696225881576538,0.3723073899745941,0.3736206889152527,0.19745191931724548,0.32175540924072266,0.23280416429042816,0.28707563877105713,0.2158845067024231,0.30757543444633484,0.23606571555137634,0.2553408741950989
5,512,0.05,0.0001,1000,0.469539999961853,0.35488462448120117,0.3529890775680542,0.3549230694770813,0.3439808487892151,0.3414972126483917,0.34264248609542847,0.34447842836380005,0.3189384341239929,0.2962922155857086,0.26751142740249634,0.3074520528316498,0.2258232831954956,0.27277901768684387,0.26831427216529846,0.3170683979988098
5,512,0.05,0.0001,100,0.4691658318042755,0.3667367100715637,0.3679940402507782,0.3710416853427887,0.3609347939491272,0.35887736082077026,0.36163824796676636,0.36316782236099243,0.28624188899993896,0.29296189546585083,0.2713736295700073,0.21114586293697357,0.29808124899864197,0.2757337689399719,0.3028368055820465,0.29729828238487244
5,512,0.05,0.0001,10,0.7587053775787354,0.6751112341880798,0.6840699911117554,0.6897292733192444,0.6711493730545044,0.6659751534461975,0.6715694069862366,0.6781861186027527,0.3448454439640045,0.23582421243190765,0.3676196038722992,0.43252265453338623,0.48176342248916626,0.3777449131011963,0.37323787808418274,0.3592018783092499
